1004.39,-22.46,66.41,-18.69,86.22
1002.93,-19.53,69.82,-15.63,86.02
995.61,-17.58,62.99,-15.59,86.38
1008.79,-5.86,62.01,-5.40,86.48
991.70,-21.48,74.71,-16.04,85.69
993.16,-22.95,66.41,-19.06,86.17
1007.81,-35.16,60.55,-30.14,86.56
1006.35,-16.11,57.13,-15.75,86.75
1013.67,-26.86,68.36,-21.45,86.14
1011.23,-30.27,63.48,-25.50,86.41
1002.44,-18.07,70.80,-14.31,85.96
1017.09,-16.11,55.18,-16.28,86.89
1003.91,-12.70,68.36,-10.52,86.10
1000.00,-20.51,60.06,-18.85,86.56
999.02,-21.00,54.20,-21.18,86.89
995.12,-19.53,65.92,-16.50,86.21
999.02,-15.63,60.06,-14.58,86.56
997.56,-22.46,64.94,-19.08,86.28
998.54,-14.16,55.18,-14.39,86.84
1006.35,-22.46,62.99,-19.63,86.42
1003.91,-25.39,69.82,-19.98,86.02
1008.79,-22.46,69.34,-17.95,86.07
1003.42,-19.04,62.99,-16.82,86.41
1011.23,-8.79,62.01,-8.07,86.49
1006.84,-15.63,60.55,-14.47,86.56
1002.44,-19.53,70.80,-15.42,85.96
995.12,-29.30,67.87,-23.35,86.10
1002.93,-25.39,61.52,-22.43,86.49
1003.42,-21.97,54.20,-22.07,86.91
1000.00,-14.65,60.06,-13.71,86.56
1002.93,-29.30,59.08,-26.38,86.63
1002.44,-20.02,66.89,-16.66,86.18
1007.32,-19.53,65.43,-16.62,86.28
996.58,-11.72,67.87,-9.80,86.10
999.51,-26.37,65.92,-21.80,86.23
1021.97,-20.02,46.39,-23.34,87.40
969.73,-10.74,111.33,-5.51,83.45
995.12,-12.21,84.96,-8.18,85.12
1021.48,-19.53,40.53,-25.73,87.73
998.54,-37.60,53.22,-35.24,86.95
1000.49,-17.09,78.61,-12.26,85.51
996.09,-21.97,62.01,-19.51,86.44
1011.23,-18.07,48.34,-20.49,87.26
1015.62,-23.93,67.87,-19.42,86.18
1007.32,-28.81,67.38,-23.15,86.17
1001.95,-16.11,57.13,-15.75,86.74
992.19,-22.95,63.48,-19.88,86.34
999.02,-26.37,69.34,-20.82,86.03
998.05,-23.93,61.52,-21.25,86.47
1012.21,-19.53,59.57,-18.15,86.63
996.58,-27.34,72.75,-20.60,85.82
1017.58,-22.95,71.78,-17.73,85.97
1014.65,-8.79,62.01,-8.07,86.50
1006.84,-23.44,60.06,-21.32,86.59
1005.37,-18.07,66.89,-15.11,86.19
1000.49,-18.07,59.08,-17.00,86.62
994.63,-13.18,62.99,-11.82,86.38
1008.30,-27.83,59.57,-25.04,86.62
1007.32,-12.70,65.92,-10.90,86.26
1010.74,-18.07,50.29,-19.76,87.15
1013.18,-24.90,53.22,-25.07,86.99
993.16,-28.32,68.85,-22.36,86.03
997.56,-18.07,72.27,-14.04,85.86
987.79,-24.41,51.27,-25.46,87.03
990.23,-16.11,68.36,-13.26,86.05
1000.49,-24.41,73.73,-18.32,85.79
996.09,-23.44,57.62,-22.14,86.69
1006.35,-15.63,57.13,-15.30,86.75
997.56,-16.60,59.57,-15.57,86.58
1006.84,-25.39,68.85,-20.24,86.09
1010.74,-25.39,68.85,-20.24,86.10
998.05,-23.93,70.31,-18.79,85.97
1003.42,-15.63,58.11,-15.05,86.69
995.61,-27.34,70.31,-21.25,85.96
997.07,-13.67,57.13,-13.46,86.72
1002.44,-30.27,59.08,-27.13,86.63
1000.49,-5.86,63.96,-5.23,86.34
1012.21,-17.58,52.73,-18.43,87.02
1011.23,-13.67,52.25,-14.66,87.04
1005.86,-28.81,67.38,-23.15,86.17
998.05,-24.41,56.64,-23.32,86.75
1001.46,-13.18,61.52,-12.09,86.48
998.05,-15.63,71.78,-12.28,85.89
1007.32,-19.04,57.62,-18.29,86.73
1011.23,-14.16,46.39,-16.98,87.37
1009.77,-23.44,79.10,-16.50,85.52
1005.86,-26.86,62.99,-23.09,86.42
1006.84,-16.60,70.31,-13.28,86.01
1012.21,-23.44,62.50,-20.56,86.47
1004.88,-23.93,71.29,-18.55,85.94
994.14,-26.37,58.11,-24.41,86.65
1004.88,-21.97,74.22,-16.49,85.78
999.02,-30.76,60.06,-27.12,86.56
1004.39,-27.34,54.69,-26.57,86.88
1008.79,-32.71,69.82,-25.10,86.04
1006.35,-22.46,63.96,-19.35,86.36
1001.95,-36.62,56.64,-32.88,86.76
1008.79,-23.44,47.85,-26.10,87.28
996.58,-22.95,64.94,-19.46,86.27
1002.93,-11.72,57.13,-11.59,86.74
1001.46,-33.20,62.50,-27.98,86.43
1003.91,-17.58,62.50,-15.71,86.44
1012.21,-17.58,64.45,-15.26,86.36
1000.49,-11.23,66.89,-9.53,86.17
1011.72,-30.76,58.11,-27.90,86.71
995.12,-24.90,53.22,-25.07,86.94
998.54,-29.30,71.78,-22.20,85.89
998.05,-8.79,62.99,-7.94,86.39
995.61,-25.39,63.96,-21.65,86.32
1003.42,-24.41,71.78,-18.79,85.91
994.63,-14.16,64.45,-12.39,86.29
1006.84,-23.44,65.92,-19.57,86.25
999.02,-32.23,61.52,-27.65,86.48
991.21,-18.07,66.89,-15.11,86.14
1005.37,-24.90,55.66,-24.10,86.83
1006.84,-17.58,74.71,-13.24,85.76
1000.98,-8.30,59.08,-8.00,86.62
1006.84,-18.07,55.66,-17.98,86.84
1001.95,-23.44,57.13,-22.31,86.74
1009.28,-23.44,67.38,-19.18,86.18
998.54,-26.37,73.24,-19.80,85.80
998.05,-19.04,49.32,-21.11,87.17
987.79,-18.07,55.18,-18.13,86.80
1008.79,-21.97,59.08,-20.40,86.65
1002.93,-19.04,72.75,-14.67,85.85
1005.86,-22.95,53.22,-23.33,86.97
1009.28,-22.95,62.99,-20.02,86.43
1000.00,-31.25,71.78,-23.53,85.89
1003.91,-21.48,60.06,-19.68,86.58
1010.74,-25.88,67.87,-20.87,86.16
999.02,-16.60,58.11,-15.95,86.67
1018.07,-25.88,58.11,-24.01,86.73
1014.16,-19.53,54.20,-19.82,86.94
1005.37,-24.90,62.99,-21.57,86.42
1005.37,-22.46,69.82,-17.83,86.03
1015.62,-30.76,57.62,-28.10,86.75
1005.37,-15.63,57.13,-15.30,86.75
1008.30,-29.30,65.92,-23.96,86.26
982.91,-12.21,44.92,-15.20,87.38
988.77,-17.58,74.22,-13.32,85.71
994.14,-21.00,57.62,-20.02,86.68
997.56,-21.97,67.87,-17.94,86.11
1003.42,-5.86,67.87,-4.93,86.13
1014.65,-23.93,57.62,-22.55,86.75
1006.84,-22.95,62.99,-20.02,86.42
1010.25,-9.28,64.45,-8.19,86.35
1006.84,-23.44,55.18,-23.01,86.86
1000.00,-23.93,60.06,-21.72,86.56
1008.79,-18.07,60.06,-16.74,86.59
1004.88,-11.23,65.92,-9.67,86.25
1010.25,-24.90,67.87,-20.15,86.16
998.54,-25.88,68.85,-20.60,86.06
998.54,-28.81,66.41,-23.45,86.20
1003.91,-18.07,56.64,-17.69,86.77
1009.28,-18.55,65.43,-15.83,86.29
999.51,-24.41,61.04,-21.80,86.51
1010.74,-21.48,62.01,-19.11,86.49
1000.00,-31.25,59.57,-27.68,86.59
1004.88,-13.18,66.89,-11.15,86.19
1012.70,-21.97,62.01,-19.51,86.50
1002.93,-29.30,52.25,-29.28,87.02
1003.91,-16.60,62.01,-14.99,86.47
1013.67,-20.02,59.08,-18.72,86.66
1010.25,-25.39,56.15,-24.33,86.82
1015.14,-17.09,65.92,-14.53,86.28
1007.81,-12.21,73.24,-9.46,85.84
1009.77,-23.44,73.24,-17.74,85.85
1000.00,-17.09,68.85,-13.94,86.06
1007.81,-18.55,64.45,-16.06,86.34
996.58,-20.51,66.41,-17.16,86.19
1008.79,-19.53,57.62,-18.73,86.73
1014.65,-15.14,61.52,-13.82,86.53
1009.28,-7.81,58.11,-7.66,86.71
1006.84,-23.44,65.43,-19.71,86.28
1010.25,-23.93,70.80,-18.67,85.99
999.51,-18.07,69.34,-14.60,86.03
1010.25,-21.48,61.04,-19.39,86.54
1003.42,-19.53,57.13,-18.87,86.74
988.77,-20.51,62.50,-18.17,86.38
994.14,-26.86,54.20,-26.36,86.88
1002.44,-20.02,62.01,-17.89,86.46
996.58,-4.88,65.92,-4.24,86.22
998.05,-18.55,58.11,-17.71,86.67
1001.95,-19.04,62.99,-16.82,86.40
1005.37,-18.07,65.92,-15.33,86.25
1011.72,-18.07,58.11,-17.27,86.71
995.12,-25.39,63.48,-21.80,86.35
995.12,-25.88,70.31,-20.21,85.96
998.54,-31.25,64.94,-25.70,86.28
1008.79,-23.44,67.87,-19.05,86.15
997.07,-24.90,59.57,-22.69,86.58
994.63,-19.53,62.99,-17.23,86.38
1008.79,-27.34,64.45,-22.99,86.34
995.61,-14.65,60.55,-13.60,86.52
997.56,-20.51,60.06,-18.85,86.55
1004.88,-22.95,61.52,-20.46,86.50
990.72,-25.88,59.57,-23.48,86.56
1008.79,-23.93,57.62,-22.55,86.73
1000.00,-22.46,65.43,-18.95,86.26
1009.77,-26.86,58.11,-24.81,86.71
1007.32,-17.09,57.13,-16.65,86.75
1003.42,-28.81,68.85,-22.71,86.07
1017.09,-7.81,56.15,-7.92,86.84
1009.28,-12.21,60.55,-11.40,86.57
1010.25,-22.95,57.62,-21.72,86.74
1001.46,-24.41,62.50,-21.34,86.43
1004.39,-19.04,67.87,-15.67,86.13
995.61,-26.86,54.69,-26.15,86.86
1003.91,-21.00,66.41,-17.55,86.22
1009.77,-17.58,64.45,-15.26,86.35
999.02,-19.04,68.85,-15.46,86.06
1006.35,-17.58,69.34,-14.23,86.06
1011.72,-26.86,69.82,-21.04,86.05
1014.16,-30.76,50.29,-31.45,87.16
988.28,-26.37,70.31,-20.56,85.93
1004.88,-22.95,73.73,-17.29,85.80
1007.32,-13.18,59.08,-12.58,86.64
994.14,-22.46,69.82,-17.83,85.98
1003.42,-20.51,67.87,-16.81,86.13
1010.25,-10.25,56.15,-10.35,86.82
991.70,-19.53,62.50,-17.35,86.39
1011.23,-28.32,62.99,-24.21,86.44
1003.91,-13.67,67.38,-11.47,86.16
1010.74,-19.53,64.45,-16.86,86.35
989.75,-24.41,56.15,-23.50,86.75
1000.98,-19.53,66.41,-16.39,86.20
996.58,-17.58,71.29,-13.85,85.91
1013.18,-20.51,62.99,-18.03,86.44
1000.00,-19.04,60.55,-17.46,86.54
999.51,-9.28,66.89,-7.90,86.17
1003.42,-9.77,62.01,-8.95,86.46
999.51,-13.67,67.87,-11.39,86.12
995.12,-23.93,65.92,-19.95,86.21
1003.42,-22.46,60.55,-20.35,86.55
1006.84,-13.18,71.78,-10.41,85.92
997.56,-21.97,68.36,-17.82,86.08
1009.28,-19.53,69.34,-15.73,86.07
1001.46,-20.51,59.57,-19.00,86.60
991.70,-21.48,53.22,-21.98,86.93
1013.67,-22.46,58.59,-20.97,86.69
1005.86,-20.51,57.13,-19.75,86.75
1013.67,-24.41,70.31,-19.15,86.03
998.54,-33.20,56.64,-30.38,86.75
1011.23,-14.16,62.50,-12.77,86.46
988.28,-19.04,55.66,-18.89,86.78
1014.16,-10.74,61.52,-9.90,86.53
1010.25,-5.86,74.71,-4.48,85.77
1004.88,-10.74,65.92,-9.26,86.25
1000.00,-21.00,61.04,-18.98,86.51
1002.93,-30.76,57.62,-28.10,86.71
1000.00,-9.28,56.15,-9.38,86.79
1007.32,-20.51,55.66,-20.22,86.84
985.35,-29.79,74.71,-21.74,85.66
999.51,-16.11,55.18,-16.28,86.84
1005.86,-23.93,66.89,-19.68,86.20
996.58,-21.97,62.01,-19.51,86.44
1006.84,-15.63,69.34,-12.70,86.06
1010.25,-22.95,66.89,-18.94,86.21
1006.35,-27.34,73.73,-20.35,85.81
988.77,-18.55,78.12,-13.36,85.48
1001.95,-25.39,65.43,-21.21,86.26
1010.25,-23.44,57.13,-22.31,86.76
1001.95,-30.76,62.01,-26.38,86.46
1006.84,-26.86,66.41,-22.02,86.23
1010.25,-13.18,60.06,-12.38,86.60
1005.37,-15.63,66.89,-13.15,86.19
1018.07,-26.37,59.57,-23.88,86.65
1005.37,-10.25,62.50,-9.32,86.44
1006.35,-13.18,53.22,-13.91,86.97
1003.42,-17.09,64.45,-14.85,86.32
1002.44,-27.34,54.20,-26.77,86.91
1007.32,-14.65,65.43,-12.62,86.28
1012.21,-23.93,55.66,-23.26,86.85
1006.35,-13.18,56.64,-13.10,86.78
995.12,-10.74,67.87,-8.99,86.10
1017.58,-18.07,65.92,-15.33,86.29
1007.32,-22.46,63.48,-19.49,86.39
1000.98,-16.60,65.92,-14.14,86.23
1000.49,-19.04,67.38,-15.78,86.15
999.51,-24.41,57.62,-22.96,86.70
998.05,-20.02,58.11,-19.01,86.67
1021.48,-19.53,57.13,-18.87,86.80
986.82,-18.55,65.43,-15.83,86.21
1014.16,-22.46,63.48,-19.49,86.42
998.54,-16.60,62.99,-14.77,86.39
1003.42,-14.65,70.80,-11.69,85.96
1002.44,-29.30,72.75,-21.93,85.85
1010.25,-18.55,64.94,-15.95,86.32
1004.39,-16.11,65.43,-13.83,86.27
986.82,-29.79,53.71,-29.01,86.88
1006.84,-22.46,51.76,-23.46,87.06
999.02,-19.53,57.62,-18.73,86.70
993.16,-18.07,60.55,-16.61,86.51
999.51,-21.48,65.43,-18.18,86.25
1003.91,-29.79,60.06,-26.38,86.58
1009.28,-18.55,61.04,-16.91,86.54
1003.42,-7.81,62.50,-7.13,86.44
1004.39,-16.11,59.08,-15.26,86.63
1003.91,-14.16,73.73,-10.87,85.80
1012.21,-28.32,66.41,-23.10,86.25
1001.46,-23.93,72.27,-18.32,85.87
997.07,-13.18,63.48,-11.73,86.36
1006.84,-22.46,75.68,-16.53,85.70
1005.37,-21.48,61.52,-19.25,86.50
1002.93,-21.97,59.57,-20.25,86.60
1011.23,-17.09,55.18,-17.21,86.88
1004.39,-26.37,73.73,-19.68,85.80
1007.81,-24.90,74.22,-18.55,85.79
1003.42,-16.60,68.36,-13.65,86.10
994.63,-26.37,62.99,-22.71,86.38
1008.30,-19.53,67.38,-16.16,86.18
1002.93,-20.02,54.69,-20.11,86.88
1000.98,-17.58,72.27,-13.67,85.87
1002.93,-30.27,65.43,-24.83,86.27
1000.00,-19.53,59.08,-18.29,86.62
1010.74,-17.09,79.10,-12.19,85.53
1003.91,-28.32,57.13,-26.37,86.74
1000.49,-19.04,60.06,-17.59,86.56
1006.84,-29.30,60.55,-25.82,86.56
989.75,-22.95,74.71,-17.08,85.68
1007.81,-27.34,63.48,-23.30,86.40
1000.98,-29.79,59.08,-26.75,86.62
1007.32,-6.84,65.92,-5.92,86.26
1018.07,-26.37,62.99,-22.71,86.46
1001.95,-9.77,64.45,-8.62,86.32
1003.91,-22.46,55.66,-21.97,86.83
996.09,-17.58,66.89,-14.72,86.16
996.09,-18.07,71.78,-14.13,85.88
990.23,-18.07,59.57,-16.87,86.56
1001.95,-17.09,54.69,-17.35,86.88
1002.44,-19.53,64.45,-16.86,86.32
1013.18,-30.76,65.43,-25.18,86.31
1002.44,-5.86,58.11,-5.76,86.68
1001.95,-28.81,61.04,-25.27,86.51
1000.00,-19.53,65.92,-16.50,86.23
1009.28,-28.32,63.96,-23.88,86.37
1010.25,-22.46,62.99,-19.63,86.43
1005.37,-10.25,62.99,-9.25,86.42
1000.98,-10.25,68.36,-8.53,86.09
998.54,-22.46,71.78,-17.38,85.89
1001.46,-17.58,62.99,-15.59,86.40
1008.30,-20.02,69.34,-16.11,86.07
1000.98,-20.51,71.29,-16.05,85.93
993.65,-17.58,65.92,-14.93,86.20
1003.91,-14.65,52.25,-15.66,87.02
1010.25,-16.11,63.96,-14.14,86.38
1005.86,-19.04,76.66,-13.95,85.64
1012.70,-21.00,58.59,-19.71,86.69
984.37,-12.21,66.41,-10.42,86.14
1004.88,-18.07,64.94,-15.55,86.30
1005.86,-3.42,64.45,-3.04,86.33
1009.28,-16.60,59.57,-15.57,86.62
1008.30,-26.86,71.78,-20.51,85.93
1005.86,-31.25,60.55,-27.30,86.56
996.09,-24.41,59.08,-22.45,86.61
997.56,-18.07,67.87,-14.91,86.11
1008.79,-21.48,66.41,-17.93,86.23
991.70,-28.32,58.11,-25.98,86.65
1003.91,-25.39,72.75,-19.24,85.85
1004.88,-17.58,57.13,-17.10,86.75
1002.93,-19.04,73.24,-14.57,85.82
989.26,-29.79,71.29,-22.68,85.88
1018.07,-18.55,60.55,-17.04,86.60
1003.42,-24.41,51.76,-25.25,87.05
995.61,-13.67,64.45,-11.98,86.30
1002.93,-0.49,52.73,-0.53,86.99
1000.98,-15.14,74.71,-11.45,85.73
997.07,-30.76,75.20,-22.25,85.69
1001.46,-12.70,71.78,-10.03,85.90
1003.91,-22.95,71.29,-17.84,85.94
1000.49,-21.97,58.59,-20.56,86.65
1014.65,-22.46,57.62,-21.30,86.75
1012.21,-15.14,55.66,-15.21,86.85
994.63,-10.25,63.48,-9.18,86.35
1001.46,-21.48,64.45,-18.43,86.32
998.54,-18.55,50.29,-20.25,87.12
1014.16,-7.81,73.73,-6.05,85.84
994.14,-28.81,52.25,-28.87,86.99
1002.44,-28.81,72.27,-21.73,85.88
1001.95,-20.02,55.18,-19.94,86.85
1003.42,-31.25,53.22,-30.42,86.96
1004.39,-20.02,58.59,-18.86,86.66
1010.25,-22.46,59.08,-20.82,86.65
1011.23,-10.74,67.87,-8.99,86.16
995.61,-21.97,70.80,-17.24,85.93
991.70,-29.30,63.48,-24.78,86.34
1010.74,-35.16,62.01,-29.55,86.49
995.61,-11.72,70.80,-9.40,85.93
987.79,-9.77,56.15,-9.87,86.75
1020.02,-16.60,56.15,-16.47,86.85
1004.88,-22.46,54.20,-22.51,86.91
1007.81,-13.18,73.24,-10.20,85.84
1009.28,-22.46,58.11,-21.13,86.71
994.63,-10.25,57.62,-10.09,86.68
1008.30,-24.90,62.01,-21.88,86.48
1003.42,-13.18,76.66,-9.76,85.63
1004.88,-23.44,69.34,-18.68,86.05
999.02,-5.86,61.04,-5.48,86.50
1003.91,-20.02,62.99,-17.63,86.41
1006.84,-8.79,65.92,-7.59,86.25
999.51,-19.04,55.66,-18.89,86.81
1004.88,-21.00,65.92,-17.67,86.25
1002.44,-20.02,69.82,-16.00,86.02
1003.42,-26.86,70.80,-20.77,85.96
1008.30,-21.48,63.48,-18.70,86.40
1017.58,-12.70,65.43,-10.98,86.32
1007.32,-5.37,60.55,-5.07,86.56
1001.95,-23.93,56.15,-23.08,86.79
1000.98,-21.97,65.92,-18.43,86.23
1009.77,-13.67,60.06,-12.82,86.60
1007.81,-19.04,53.22,-19.69,86.98
1010.74,-16.11,69.34,-13.08,86.08
1012.21,-19.04,50.78,-20.56,87.13
1015.62,-6.84,65.43,-5.96,86.31
1004.88,-17.58,68.36,-14.42,86.11
1001.46,-6.35,48.83,-7.41,87.21
1000.49,-18.07,70.80,-14.31,85.95
998.54,-19.53,63.48,-17.10,86.36
997.56,-27.34,60.06,-24.48,86.55
998.05,-28.32,61.04,-24.89,86.50
996.09,-26.86,71.78,-20.51,85.88
1002.44,-28.32,65.92,-23.25,86.24
999.02,-15.63,68.85,-12.79,86.06
992.19,-23.93,63.96,-20.51,86.31
998.54,-21.97,64.45,-18.82,86.31
1009.28,-22.95,50.78,-24.32,87.12
998.05,-11.23,71.78,-8.89,85.89
1010.25,-17.09,57.13,-16.65,86.76
999.51,-18.55,57.13,-17.99,86.73
987.30,-13.18,75.20,-9.94,85.64
1000.98,-20.51,70.31,-16.26,85.98
1004.39,-16.60,54.20,-17.03,86.91
997.07,-22.46,66.41,-18.69,86.19
1008.79,-19.53,60.55,-17.88,86.57
1005.86,-24.41,62.01,-21.49,86.47
1007.81,-21.97,71.29,-17.13,85.95
1005.86,-17.09,78.12,-12.34,85.56
1005.86,-16.11,57.13,-15.75,86.75
1009.77,-21.97,58.11,-20.71,86.71
1014.65,-11.23,75.20,-8.49,85.76
1017.58,-19.04,65.43,-16.23,86.32
1001.46,-20.02,70.31,-15.89,85.98
991.70,-21.00,51.27,-22.27,87.04
1000.98,-35.64,64.45,-28.94,86.32
998.05,-21.48,71.78,-16.66,85.89
996.58,-26.86,57.62,-24.99,86.69
1003.42,-16.60,59.08,-15.69,86.63
1008.79,-30.76,63.96,-25.68,86.37
999.02,-12.70,63.96,-11.23,86.34
1005.86,-20.02,66.41,-16.78,86.22
1000.00,-20.51,74.22,-15.45,85.76
1005.86,-18.07,63.48,-15.89,86.39
1015.62,-20.02,71.29,-15.69,85.98
987.30,-7.81,66.89,-6.66,86.12
1001.95,-18.07,66.41,-15.22,86.21
997.07,-26.86,54.20,-26.36,86.89
1004.88,-21.97,68.85,-17.70,86.08
992.68,-27.34,60.55,-24.30,86.51
1000.49,-26.37,59.08,-24.05,86.62
1011.23,-17.58,75.20,-13.16,85.75
1004.88,-22.46,56.15,-21.80,86.80
997.07,-6.84,66.41,-5.88,86.19
1003.91,-22.95,69.82,-18.19,86.02
1015.14,-28.32,62.99,-24.21,86.45
1010.25,-23.93,53.71,-24.01,86.96
995.61,-21.48,63.48,-18.70,86.35
998.05,-18.07,62.50,-16.12,86.42
1003.42,-19.04,81.54,-13.14,85.35
995.12,-24.41,68.85,-19.53,86.04
1004.39,-25.39,61.52,-22.43,86.49
1004.39,-21.48,65.92,-18.05,86.25
1003.91,-23.93,64.94,-20.22,86.30
1001.95,-24.90,72.75,-18.90,85.85
1008.79,-21.00,57.13,-20.18,86.76
1012.21,-12.70,69.34,-10.38,86.08
1007.81,-23.93,66.41,-19.81,86.23
1005.37,-26.86,58.11,-24.81,86.69
997.56,-22.46,71.29,-17.49,85.91
1005.37,-16.60,57.13,-16.20,86.75
1001.46,-21.00,60.06,-19.27,86.57
1005.86,-19.04,57.13,-18.43,86.75
1002.93,-26.37,62.99,-22.71,86.41
1008.30,-14.65,76.66,-10.82,85.65
1005.86,-18.07,68.36,-14.80,86.11
992.68,-11.72,67.38,-9.87,86.12
1011.23,-25.88,63.48,-22.18,86.41
999.02,-23.93,58.11,-22.38,86.67
1000.49,-18.07,68.36,-14.80,86.09
1006.35,-21.00,50.78,-22.46,87.11
1004.88,-23.44,60.55,-21.16,86.55
1005.37,-19.53,54.20,-19.82,86.91
1001.46,-7.81,63.48,-7.02,86.37
1002.44,-18.55,64.45,-16.06,86.32
1001.95,-19.53,67.87,-16.05,86.12
1002.44,-18.55,66.41,-15.61,86.21
1016.60,-26.37,66.41,-21.66,86.26
1009.77,-19.53,57.62,-18.73,86.73
1012.70,-22.46,62.01,-19.91,86.50
1000.98,-19.04,55.18,-19.04,86.84
994.63,-26.86,94.73,-15.83,84.56
978.52,-17.09,91.80,-10.55,84.64
1004.88,-31.74,45.90,-34.66,87.38
1001.46,-13.18,56.15,-13.21,86.79
995.61,-27.34,77.15,-19.52,85.57
995.61,-11.72,70.80,-9.40,85.93
1001.46,-19.04,53.22,-19.69,86.96
986.33,-12.21,77.64,-8.94,85.50
987.30,-23.93,65.92,-19.95,86.18
1014.16,-14.65,51.27,-15.95,87.11
996.09,-27.83,66.89,-22.59,86.16
1000.49,-3.42,70.80,-2.76,85.95
1004.88,-15.14,62.50,-13.61,86.44
1013.18,-18.07,60.06,-16.74,86.61
999.51,-29.30,64.94,-24.28,86.28
1005.86,-21.48,58.11,-20.29,86.69
990.23,-27.34,70.31,-21.25,85.94
1001.95,-15.63,62.01,-14.14,86.46
1006.84,-17.09,63.48,-15.07,86.39
1002.93,-17.58,74.22,-13.32,85.77
996.58,-21.97,76.17,-16.09,85.63
1005.86,-25.39,60.06,-22.92,86.58
996.58,-31.25,59.57,-27.68,86.58
1012.70,-24.90,75.20,-18.32,85.75
1010.25,-23.44,65.92,-19.57,86.27
1016.60,-13.18,70.31,-10.62,86.04
1009.77,-31.74,60.55,-27.66,86.57
1004.39,-26.86,63.96,-22.77,86.36
1015.14,-27.83,62.99,-23.84,86.45
993.65,-19.04,77.15,-13.87,85.56
999.02,-24.90,62.50,-21.72,86.42
1005.37,-26.86,66.89,-21.87,86.19
1008.30,-10.25,66.41,-8.78,86.23
995.61,-21.00,53.71,-21.35,86.91
1001.46,-24.41,63.96,-20.89,86.35
1002.93,-20.02,74.71,-15.00,85.74
1004.88,-22.95,72.75,-17.51,85.86
1000.00,-23.93,66.89,-19.68,86.17
1005.37,-9.28,62.01,-8.51,86.47
995.12,-31.25,66.89,-25.04,86.15
1000.98,-38.09,68.85,-28.95,86.07
1008.79,-12.21,75.68,-9.16,85.71
1013.18,-25.88,57.62,-24.19,86.75
1004.88,-15.14,62.50,-13.61,86.44
1001.95,-35.16,50.78,-34.70,87.10
1007.32,-19.04,58.59,-18.00,86.67
1000.00,-22.95,56.64,-22.06,86.76
1000.49,-16.60,66.41,-14.04,86.20
997.07,-25.39,64.94,-21.35,86.27
1003.42,-24.41,62.99,-21.19,86.41
1013.67,-19.53,61.52,-17.61,86.53
1013.18,-13.18,59.08,-12.58,86.66
1000.00,-23.44,64.94,-19.84,86.28
990.23,-15.14,60.06,-14.15,86.53
997.07,-21.97,71.29,-17.13,85.91
1002.44,-21.48,60.06,-19.68,86.57
1002.93,-17.09,57.62,-16.52,86.71
1000.98,-22.95,74.71,-17.08,85.73
1001.95,-35.16,62.50,-29.36,86.43
1000.98,-22.95,63.96,-19.74,86.34
1007.81,-20.02,62.50,-17.76,86.45
999.51,-22.46,62.99,-19.63,86.39
1016.11,-20.51,66.89,-17.04,86.23
1001.46,-31.25,63.48,-26.21,86.37
996.58,-9.28,59.57,-8.85,86.58
992.19,-18.55,51.27,-19.90,87.04
1016.11,-21.97,55.66,-21.54,86.86
1005.86,-20.02,61.04,-18.16,86.53
1006.35,-20.02,69.82,-16.00,86.03
1018.07,-24.90,63.48,-21.42,86.43
1002.93,-21.48,67.38,-17.68,86.16
1011.72,-19.04,72.27,-14.76,85.91
1001.95,-19.53,55.18,-19.49,86.85
1007.32,-11.72,55.66,-11.89,86.84
1000.98,-16.11,64.45,-14.04,86.32
1002.44,-29.30,63.48,-24.78,86.38
995.12,-29.30,65.43,-24.12,86.24
997.56,-16.60,65.43,-14.24,86.25
1007.81,-12.70,66.41,-10.82,86.23
990.72,-16.60,73.24,-12.77,85.77
998.54,-14.65,54.69,-15.00,86.87
1012.21,-12.21,56.15,-12.26,86.82
1009.77,-14.65,66.89,-12.35,86.21
1011.72,-20.02,71.78,-15.58,85.94
999.02,-18.07,60.06,-16.74,86.56
1010.74,-15.63,63.48,-13.83,86.41
1005.86,-22.46,72.75,-17.16,85.86
1002.93,-24.41,56.15,-23.50,86.80
1003.91,-26.37,68.85,-20.96,86.08
988.77,-20.51,56.15,-20.06,86.75
1007.81,-32.23,68.85,-25.08,86.09
1010.25,-17.09,72.27,-13.31,85.91
991.70,-21.48,68.85,-17.33,86.03
1013.18,-23.93,60.06,-21.72,86.61
1007.81,-13.18,67.38,-11.07,86.17
1001.95,-15.14,74.22,-11.53,85.76
1005.86,-10.74,59.08,-10.30,86.64
1010.25,-7.32,63.96,-6.53,86.38
1018.07,-9.77,69.82,-7.96,86.08
1000.98,-21.48,62.01,-19.11,86.45
997.07,-13.18,66.41,-11.23,86.19
993.65,-22.46,61.52,-20.06,86.46
1001.46,-28.81,64.45,-24.08,86.32
1003.91,-15.14,68.36,-12.49,86.10
1001.95,-21.00,68.85,-16.96,86.07
1015.14,-26.86,62.01,-23.42,86.50
1000.00,-20.02,55.66,-19.78,86.81
1000.98,-18.07,68.85,-14.70,86.07
1000.00,-20.02,59.57,-18.58,86.59
994.14,-15.14,52.73,-16.02,86.96
998.05,-26.37,63.48,-22.56,86.36
1008.79,-25.88,67.38,-21.01,86.18
1009.77,-19.53,61.52,-17.61,86.51
1009.77,-7.81,70.31,-6.34,86.02
1003.91,-33.20,54.20,-31.49,86.91
1017.09,-30.76,68.36,-24.23,86.15
996.58,-21.00,67.38,-17.31,86.13
1000.98,-14.65,64.45,-12.80,86.32
1000.00,-11.23,57.62,-11.03,86.70
1004.39,-19.04,68.85,-15.46,86.08
991.70,-19.04,66.41,-16.00,86.17
999.51,-27.34,65.92,-22.53,86.23
1000.49,-8.79,59.57,-8.39,86.59
999.02,-30.76,66.41,-24.86,86.20
1005.37,-14.65,60.06,-13.71,86.58
999.02,-19.53,56.64,-19.03,86.76
1005.37,-12.70,68.36,-10.52,86.11
1005.37,-16.60,57.13,-16.20,86.75
1012.21,-29.79,57.13,-27.54,86.77
1016.11,-22.95,72.27,-17.62,85.93
1012.70,-12.21,80.57,-8.62,85.45
1003.91,-25.88,67.38,-21.01,86.16
1007.32,-17.09,66.89,-14.33,86.20
1012.21,-16.60,56.15,-16.47,86.82
1000.00,-15.14,60.06,-14.15,86.56
1002.44,-26.37,67.38,-21.37,86.15
1001.95,-27.34,60.06,-24.48,86.57
1005.86,-20.02,59.08,-18.72,86.64
1009.77,-13.18,63.48,-11.73,86.40
992.19,-27.83,64.94,-23.20,86.26
1005.86,-8.79,71.29,-7.03,85.95
998.54,-22.95,59.08,-21.23,86.61
998.05,-22.46,67.87,-18.31,86.11
996.09,-30.76,69.34,-23.93,86.02
1006.84,-26.37,55.66,-25.35,86.84
998.05,-16.60,66.89,-13.94,86.17
991.70,-22.95,63.96,-19.74,86.31
1001.95,-30.27,59.08,-27.13,86.63
1003.91,-16.60,61.04,-15.22,86.52
1006.84,-8.30,59.57,-7.93,86.61
1012.21,-14.16,56.64,-14.04,86.80
1003.42,4.88,71.29,3.92,85.94
1016.11,-36.62,51.27,-35.54,87.11
1002.44,7.81,58.59,7.59,86.65
988.28,-39.55,82.03,-25.74,85.26
998.54,1.95,54.69,2.05,86.87
994.14,-24.90,61.52,-22.04,86.46
996.09,-10.74,61.04,-9.98,86.49
996.58,-27.83,62.50,-24.00,86.41
997.07,-18.07,63.48,-15.89,86.36
998.05,-24.90,62.99,-21.57,86.39
992.19,-25.88,64.45,-21.88,86.28
1016.60,-25.39,53.22,-25.50,87.00
1001.46,-21.97,72.75,-16.81,85.84
999.51,-27.83,68.36,-22.15,86.09
1011.72,-21.00,60.55,-19.13,86.58
995.12,-26.86,62.50,-23.25,86.41
999.51,-23.93,63.48,-20.65,86.37
1003.42,-10.74,67.38,-9.06,86.16
1011.23,-21.48,58.11,-20.29,86.71
996.09,-23.44,62.01,-20.70,86.44
1004.39,-25.39,70.31,-19.86,86.00
992.68,-17.58,54.69,-17.82,86.85
1008.79,-15.63,60.55,-14.47,86.57
1012.21,-33.20,64.45,-27.26,86.36
1003.91,-20.02,62.99,-17.63,86.41
1002.93,-19.53,68.85,-15.84,86.07
1002.44,-10.25,54.20,-10.71,86.91
987.79,-18.55,76.66,-13.61,85.56
999.51,-14.16,62.99,-12.67,86.39
1012.21,-17.09,58.59,-16.26,86.69
1000.98,-23.93,60.06,-21.72,86.57
1006.35,-25.88,61.52,-22.81,86.50
998.54,-18.07,62.01,-16.24,86.45
998.54,-11.23,70.80,-9.01,85.94
996.58,-34.18,60.06,-29.64,86.55
995.61,-16.60,57.13,-16.20,86.72
1005.37,-16.60,69.82,-13.37,86.03
1004.39,-21.48,56.64,-20.77,86.77
995.61,-13.18,55.18,-13.44,86.83
992.19,-24.41,66.89,-20.05,86.14
998.54,-23.44,68.85,-18.80,86.06
998.54,-20.02,60.55,-18.30,86.53
999.51,-27.34,67.87,-21.94,86.12
999.51,-19.04,58.11,-18.15,86.67
1003.91,-23.93,73.24,-18.09,85.83
1000.00,-16.11,54.69,-16.42,86.87
1018.07,-15.14,54.20,-15.60,86.95
999.02,-24.90,78.12,-17.68,85.53
997.56,-20.51,72.75,-15.74,85.83
1011.72,-21.48,51.27,-22.74,87.10
1012.70,-19.04,62.50,-16.95,86.47
991.21,-11.23,68.85,-9.26,86.03
1012.21,-18.07,57.13,-17.55,86.77
1016.11,-25.39,64.94,-21.35,86.34
990.72,-35.16,74.22,-25.35,85.72
1005.86,-28.32,54.69,-27.38,86.89
1006.84,-28.32,73.24,-21.14,85.84
1003.42,-36.13,60.06,-31.03,86.57
1000.00,-9.77,58.59,-9.46,86.65
992.19,-16.11,67.38,-13.45,86.11
998.54,-32.71,72.75,-24.21,85.83
1004.88,-26.86,61.04,-23.75,86.52
1000.00,-19.04,59.57,-17.73,86.59
1015.14,-5.86,61.04,-5.48,86.56
1010.25,-23.93,66.41,-19.81,86.24
1005.37,-7.81,63.96,-6.96,86.36
995.61,-18.55,66.89,-15.50,86.16
1009.28,-31.25,55.18,-29.53,86.87
999.02,-21.48,78.61,-15.29,85.50
1004.88,-28.81,54.69,-27.78,86.88
1004.39,-17.09,60.55,-15.76,86.55
994.63,-17.58,71.78,-13.76,85.87
1000.49,-34.67,61.52,-29.40,86.48
999.02,-14.16,60.55,-13.16,86.53
1002.93,-8.30,54.69,-8.63,86.88
1007.32,-12.21,70.80,-9.78,85.98
1007.81,-20.02,71.29,-15.69,85.95
1007.81,-21.97,66.41,-18.31,86.23
993.65,-11.72,61.04,-10.87,86.49
1000.49,-17.09,64.94,-14.74,86.29
1010.25,-19.53,67.38,-16.16,86.18
1007.81,-8.79,71.78,-6.98,85.93
1020.51,-33.20,62.01,-28.17,86.52
996.09,-19.04,66.41,-16.00,86.19
1006.35,-20.51,62.99,-18.03,86.42
1005.37,-20.02,59.57,-18.58,86.61
1010.74,-12.70,58.11,-12.32,86.71
1000.00,-23.44,60.55,-21.16,86.54
994.63,-23.93,64.94,-20.22,86.26
999.02,-2.44,62.50,-2.24,86.42
1009.77,-35.16,56.64,-31.83,86.79
993.65,-33.69,57.13,-30.53,86.71
1008.79,-15.14,64.94,-13.12,86.32
1014.65,-59.08,63.48,-42.95,86.42
1012.21,-9.28,64.45,-8.19,86.36
1003.91,-29.79,60.06,-26.38,86.58
1001.95,-24.90,58.59,-23.03,86.65
1011.72,-19.53,57.13,-18.87,86.77
1000.00,-16.11,64.94,-13.93,86.28
1002.44,-21.48,79.59,-15.11,85.46
1005.86,-26.37,59.57,-23.88,86.61
1007.81,-18.55,68.36,-15.19,86.12
1012.21,-21.97,63.48,-19.09,86.41
1007.32,-7.81,70.31,-6.34,86.01
1001.95,-23.93,67.87,-19.42,86.12
1013.67,-23.44,64.45,-19.98,86.36
1007.81,-13.18,61.04,-12.19,86.53
997.07,-9.77,72.27,-7.70,85.85
1008.30,-31.25,65.92,-25.36,86.26
1003.91,-29.79,60.55,-26.19,86.55
990.72,-26.37,70.80,-20.43,85.91
1008.79,-23.93,63.96,-20.51,86.37
1006.35,-23.93,58.11,-22.38,86.70
1005.86,-23.44,58.59,-21.80,86.67
1008.30,-18.07,59.08,-17.00,86.65
1006.84,-10.25,57.62,-10.09,86.72
1003.91,-19.04,53.71,-19.52,86.94
990.23,-15.63,57.62,-15.17,86.67
1007.32,-4.39,65.43,-3.84,86.28
1000.98,-23.44,69.34,-18.68,86.04
995.12,-12.70,60.06,-11.94,86.55
1000.49,-22.46,60.06,-20.50,86.56
1001.95,-24.90,73.73,-18.66,85.79
1000.49,-15.14,60.06,-14.15,86.56
1009.28,-23.93,60.06,-21.72,86.59
1010.25,-23.93,72.27,-18.32,85.91
1006.35,-11.72,58.59,-11.31,86.67
1012.21,-24.90,60.55,-22.36,86.58
995.12,-24.90,54.69,-24.48,86.85
996.58,-17.58,61.52,-15.95,86.47
1005.86,-22.95,50.29,-24.53,87.14
1001.95,-15.63,61.04,-14.36,86.51
1000.49,-21.97,67.38,-18.06,86.15
1008.30,-29.30,65.92,-23.96,86.26
1015.14,-8.79,66.41,-7.54,86.26
1007.32,-11.72,75.68,-8.80,85.70
1021.97,-27.34,55.66,-26.16,86.88
1000.49,-17.58,68.85,-14.32,86.06
991.21,-19.04,58.11,-18.15,86.65
1012.21,-29.79,57.62,-27.34,86.74
996.09,-11.23,75.20,-8.49,85.68
998.54,-1.46,63.96,-1.31,86.33
1006.35,-14.16,54.69,-14.52,86.89
993.16,-15.63,61.04,-14.36,86.48
995.12,-33.20,57.13,-30.17,86.71
1002.44,-12.70,64.94,-11.06,86.29
1011.23,-13.67,65.43,-11.80,86.30
1003.91,-20.02,53.22,-20.61,86.97
1013.67,-12.21,49.32,-13.90,87.21
1007.32,-16.11,72.27,-12.57,85.90
988.28,-32.23,61.52,-27.65,86.44
1009.28,-23.93,62.50,-20.95,86.46
986.82,-20.51,58.59,-19.29,86.60
1002.93,-22.46,61.52,-20.06,86.49
997.56,-15.63,69.34,-12.70,86.02
1000.49,-30.27,58.11,-27.52,86.68
1001.95,-9.28,56.64,-9.30,86.76
1008.30,-12.70,62.01,-11.57,86.48
1005.86,-20.02,65.92,-16.89,86.25
1005.86,-17.58,62.99,-15.59,86.42
1007.81,-25.39,57.13,-23.96,86.76
1006.84,-30.76,64.45,-25.51,86.34
996.58,-23.93,70.80,-18.67,85.94
1009.77,-26.37,53.71,-26.15,86.96
992.19,-13.67,65.92,-11.72,86.20
1011.72,-27.34,51.27,-28.07,87.10
1009.28,-23.44,60.06,-21.32,86.59
1013.18,-29.30,72.75,-21.93,85.89
992.68,-9.28,62.01,-8.51,86.43
1000.00,-18.07,67.87,-14.91,86.12
984.86,-16.60,72.27,-12.94,85.80
1004.39,-23.44,60.06,-21.32,86.58
1009.28,-19.04,60.06,-17.59,86.59
1003.91,-21.00,67.38,-17.31,86.16
1011.23,-27.34,62.99,-23.47,86.44
1014.65,-23.93,55.66,-23.26,86.86
1001.46,-11.72,71.78,-9.27,85.90
1011.72,-12.70,57.62,-12.43,86.74
1006.84,-19.53,57.13,-18.87,86.75
1003.91,-25.88,63.96,-22.03,86.35
996.09,-17.09,59.08,-16.13,86.61
1009.77,-15.14,61.04,-13.93,86.54
1000.00,-17.09,64.45,-14.85,86.31
1000.00,-5.86,68.36,-4.90,86.09
1005.37,-29.30,58.59,-26.57,86.66
1008.79,-20.02,57.62,-19.16,86.73
1010.74,-7.81,63.96,-6.96,86.38
1006.84,-12.70,61.52,-11.66,86.50
1000.98,-18.07,65.92,-15.33,86.23
1001.46,-15.14,55.18,-15.34,86.85
1008.79,-21.48,59.08,-19.98,86.65
1006.84,-22.95,67.38,-18.81,86.17
1001.95,-10.74,63.48,-9.61,86.37
1000.00,-8.30,67.38,-7.02,86.15
1000.49,-17.09,60.06,-15.88,86.56
994.63,-24.41,59.57,-22.29,86.57
1009.77,-17.58,61.52,-15.95,86.51
1003.91,-17.58,59.08,-16.57,86.63
1002.44,-21.48,58.11,-20.29,86.68
1016.60,-35.16,59.08,-30.75,86.67
1004.39,-20.51,60.55,-18.71,86.55
996.58,-25.88,64.94,-21.73,86.27
1006.84,-22.46,61.52,-20.06,86.50
1002.44,-18.07,64.94,-15.55,86.29
999.51,-14.16,65.92,-12.12,86.23
1004.88,-18.07,63.96,-15.77,86.36
1001.95,-15.14,66.89,-12.75,86.18
1004.88,-22.46,64.94,-19.08,86.30
999.51,-17.09,67.38,-14.23,86.14
997.56,-12.70,67.87,-10.59,86.11
1006.35,-8.79,57.62,-8.67,86.72
998.54,-23.93,63.96,-20.51,86.33
995.61,-17.09,65.92,-14.53,86.21
1004.39,-17.58,59.57,-16.44,86.61
996.58,-9.28,59.57,-8.85,86.58
1004.88,-20.51,62.50,-18.17,86.44
1014.65,-24.41,58.11,-22.79,86.72
1013.18,-21.00,60.55,-19.13,86.58
990.23,-22.95,56.64,-22.06,86.73
1003.91,-13.18,60.06,-12.38,86.58
1008.30,-26.86,57.13,-25.18,86.76
1005.37,-7.32,71.29,-5.87,85.94
994.63,-29.30,59.57,-26.19,86.57
1002.93,-25.88,61.04,-22.98,86.52
1003.91,-19.04,67.87,-15.67,86.13
1004.39,-21.48,44.43,-25.80,87.47
1005.86,-20.51,63.96,-17.78,86.36
1014.16,-26.37,61.52,-23.20,86.53
1007.81,-19.04,55.66,-18.89,86.84
997.56,-19.53,62.99,-17.23,86.39
995.12,-16.60,56.64,-16.34,86.74
1007.32,-23.93,60.55,-21.56,86.56
999.51,-33.20,50.29,-33.43,87.12
991.70,-29.30,63.96,-24.61,86.31
1001.46,-17.09,64.45,-14.85,86.32
1007.81,-15.63,71.78,-12.28,85.93
1003.91,-24.41,66.89,-20.05,86.19
1010.74,-18.55,54.20,-18.90,86.93
998.54,-17.58,55.66,-17.53,86.81
1007.32,-21.48,68.85,-17.33,86.09
998.05,-16.11,59.08,-15.26,86.61
1006.35,-21.00,75.20,-15.60,85.73
997.07,-26.37,68.85,-20.96,86.05
1007.81,-7.32,66.41,-6.29,86.23
990.23,-23.93,63.48,-20.65,86.33
997.07,-27.83,66.89,-22.59,86.16
1007.32,-16.60,62.01,-14.99,86.48
1000.00,-50.29,56.64,-41.60,86.76
987.79,-20.51,74.22,-15.45,85.70
1005.37,-8.30,53.71,-8.79,86.94
1007.81,-14.65,55.18,-14.87,86.87
1007.32,-7.81,56.64,-7.85,86.78
981.45,-6.35,120.12,-3.03,83.02
996.09,-17.09,80.08,-12.05,85.40
1001.46,-26.37,34.67,-37.26,88.02
999.51,-19.53,60.55,-17.88,86.53
991.70,-22.95,68.85,-18.43,86.03
1011.23,-11.72,58.59,-11.31,86.68
1011.72,-27.83,59.08,-25.22,86.66
995.61,-18.07,59.57,-16.87,86.58
1001.95,-19.04,64.94,-16.34,86.29
1011.23,-14.16,60.06,-13.27,86.60
994.14,-29.30,69.34,-22.91,86.01
994.63,-16.60,65.43,-14.24,86.24
996.58,-33.20,61.04,-28.55,86.50
1013.67,-16.11,58.11,-15.50,86.72
992.68,-24.41,65.92,-20.32,86.20
1000.49,-20.51,64.45,-17.65,86.31
1010.74,-17.58,68.85,-14.32,86.10
993.16,-19.04,63.96,-16.58,86.31
1019.04,-27.34,62.99,-23.47,86.46
1004.39,-17.09,59.57,-16.01,86.61
1004.39,-30.27,69.34,-23.59,86.05
1003.91,-18.07,67.87,-14.91,86.13
1001.95,-33.20,68.85,-25.75,86.07
1004.88,-20.51,72.27,-15.84,85.89
999.02,-20.02,62.99,-17.63,86.39
1011.23,-24.41,70.80,-19.03,85.99
996.58,-15.14,57.13,-14.84,86.72
1002.93,-24.90,57.62,-23.37,86.71
1007.81,-32.23,68.85,-25.08,86.09
1017.58,-13.67,63.48,-12.15,86.43
1002.93,-19.04,77.15,-13.87,85.60
997.56,-20.02,60.06,-18.43,86.55
1003.91,-22.46,62.50,-19.77,86.44
1009.28,-13.67,63.96,-12.06,86.37
1005.86,-21.00,78.12,-15.04,85.56
1011.72,-17.58,69.34,-14.23,86.08
1007.32,-13.18,59.08,-12.58,86.64
994.63,-16.60,57.62,-16.07,86.68
998.05,-31.74,73.73,-23.29,85.77
997.07,-18.07,56.15,-17.84,86.78
1011.72,-29.30,68.85,-23.05,86.11
1001.46,-32.71,69.82,-25.10,86.01
1003.91,-34.18,58.59,-30.26,86.66
1015.14,-13.67,73.73,-10.51,85.85
992.19,-22.46,64.45,-19.21,86.28
1011.72,-20.02,60.55,-18.30,86.58
1001.46,-21.48,59.08,-19.98,86.62
1011.23,-8.30,66.89,-7.07,86.22
999.02,-18.55,57.62,-17.85,86.70
1003.42,-18.07,60.06,-16.74,86.57
1004.88,-16.11,59.57,-15.14,86.61
1007.81,-9.77,58.11,-9.54,86.70
1003.91,-11.72,68.36,-9.73,86.10
999.51,-18.07,69.82,-14.51,86.00
1003.91,-20.51,60.55,-18.71,86.55
1001.95,-32.71,69.34,-25.26,86.04
1006.84,-18.07,63.96,-15.77,86.36
1018.07,-21.97,69.34,-17.58,86.10
1017.09,-18.55,67.87,-15.29,86.18
1000.49,-21.00,65.43,-17.79,86.26
1007.81,-10.74,66.89,-9.12,86.20
1005.86,-27.83,66.89,-22.59,86.20
1005.86,-29.79,63.96,-24.97,86.36
999.51,-17.58,65.43,-15.04,86.25
1005.86,-23.44,63.48,-20.27,86.39
1002.44,-15.63,65.43,-13.43,86.27
1000.49,-21.00,63.96,-18.17,86.34
1012.21,-20.51,75.68,-15.16,85.72
1009.28,-19.04,55.66,-18.89,86.84
999.51,-18.55,64.45,-16.06,86.31
1011.23,-18.07,68.36,-14.80,86.13
994.63,-24.41,61.04,-21.80,86.49
1014.65,-22.95,66.41,-19.06,86.26
1004.39,-11.72,69.34,-9.59,86.05
990.72,-29.30,68.85,-23.05,86.02
1004.88,-9.28,64.94,-8.13,86.30
995.61,-34.18,67.38,-26.90,86.13
992.19,-29.79,57.13,-27.54,86.70
996.58,-23.93,73.24,-18.09,85.80
995.61,-25.39,68.85,-20.24,86.04
996.09,-21.48,70.80,-16.88,85.93
1006.84,-17.09,65.43,-14.64,86.28
992.19,-21.48,58.59,-20.14,86.62
1009.77,-27.83,64.94,-23.20,86.32
1014.65,-26.86,62.99,-23.09,86.45
1012.21,-19.04,73.24,-14.57,85.86
996.58,-25.88,69.82,-20.34,85.99
1007.81,-19.04,59.57,-17.73,86.62
1010.25,-32.71,66.41,-26.23,86.24
999.02,-15.63,61.52,-14.25,86.48
1007.81,-16.11,64.45,-14.04,86.34
982.91,-20.02,63.96,-17.38,86.28
991.70,-26.37,59.08,-24.05,86.59
1010.74,-19.04,59.57,-17.73,86.63
1000.98,-25.88,77.15,-18.54,85.59
